sampleName,description,fileName,index,index2
Oemik-000687,Fiona-7,Oemik-000687_S101_L001_R1_001.fastq.gz,GGAGCTAC,AGAGGATA
Oemik-000688,Fiona-21Euk,Oemik-000688_S102_L001_R1_001.fastq.gz,GCGTAGTA,AGAGGATA
Oemik-000693,Fiona-8,Oemik-000693_S107_L001_R1_001.fastq.gz,ACTGAGCG,AGAGGATA
Oemik-000694,Fiona-22Euk,Oemik-000694_S108_L001_R1_001.fastq.gz,CCTAAGAC,AGAGGATA
Oemik-000698,Fiona-1,Oemik-000698_S112_L001_R1_001.fastq.gz,GGAGCTAC,CTCCTTAC
Oemik-000703,Fiona-2,Oemik-000703_S117_L001_R1_001.fastq.gz,TAGCGCTC,CTCCTTAC
Oemik-000704,Fiona-10,Oemik-000704_S118_L001_R1_001.fastq.gz,ACTGAGCG,CTCCTTAC
Oemik-000708,Fiona-3,Oemik-000708_S122_L001_R1_001.fastq.gz,ACTCGCTA,TATGCAGT
Oemik-000709,Fiona-11,Oemik-000709_S123_L001_R1_001.fastq.gz,GGAGCTAC,TATGCAGT
Oemik-000713,Fiona-4,Oemik-000713_S127_L001_R1_001.fastq.gz,ATGCGCAG,TATGCAGT
Oemik-000714,Fiona-16Euk,Oemik-000714_S128_L001_R1_001.fastq.gz,TAGCGCTC,TATGCAGT
Oemik-000718,Fiona-5,Oemik-000718_S132_L001_R1_001.fastq.gz,TGCAGCTA,TATGCAGT
Oemik-000719,Fiona-19Euk,Oemik-000719_S133_L001_R1_001.fastq.gz,ACTCGCTA,TACTCCTT
Oemik-000723,Fiona-6,Oemik-000723_S137_L001_R1_001.fastq.gz,TACGCTGC,TACTCCTT
Oemik-000724,Fiona-20Euk,Oemik-000724_S138_L001_R1_001.fastq.gz,ATGCGCAG,TACTCCTT
Oemik-000699,FIona-9,Oemik-000699_S113_L001_R1_001.fastq.gz,GCGTAGTA,CTCCTTAC
